{"mcc":[{"mcc_id":1,"mcc_keys":["TEST01","TEST02"],"mcc_points":["TEST01","TEST02"],"mcc_center":[120.192393,22.9980096],"rule_id":1,"created_at":"2017-09-24T11:14:56.073Z"}]}